<ItemGroup>
    <Reference Include="Microsoft.CSharp" />
    <Reference Include="System" />
    <Reference Include="System.Data" />
    <Reference Include="System.Data.Entity" />
    <Reference Include="System.Drawing" />
    <Reference Include="System.Web.Entity" />
    <Reference Include="System.Web.ApplicationServices" />
    <Reference Include="System.ComponentModel.DataAnnotations" />
    <Reference Include="System.Core" />
    <Reference Include="System.Data.DataSetExtensions" />
    <Reference Include="System.Xml.Linq" />
    <Reference Include="System.Web" />
    <Reference Include="System.Web.Abstractions" />
    <Reference Include="System.Web.Routing" />
    <Reference Include="System.Xml" />
    <Reference Include="System.Configuration" />
    <Reference Include="EntityFramework">
      <HintPath>..\packages\EntityFramework.5.0.0\lib\net45\EntityFramework.dll</HintPath>
    </Reference>
    <Reference Include="Microsoft.Web.Infrastructure, Version=1.0.0.0, Culture=neutral, PublicKeyToken=31bf3856ad364e35, processorArchitecture=MSIL">
      <Private>True</Private>
      <HintPath>..\packages\Microsoft.Web.Infrastructure.1.0.0.0\lib\net40\Microsoft.Web.Infrastructure.dll</HintPath>
    </Reference>
    <Reference Include="Newtonsoft.Json">
      <HintPath>..\packages\Newtonsoft.Json.4.5.6\lib\net40\Newtonsoft.Json.dll</HintPath>
    </Reference>
    <Reference Include="System.Net.Http">
    </Reference>
    <Reference Include="System.Net.Http.Formatting, Version=4.0.0.0, Culture=neutral, PublicKeyToken=31bf3856ad364e35, processorArchitecture=MSIL">
      <HintPath>..\packages\Microsoft.AspNet.WebApi.Client.4.0.20710.0\lib\net40\System.Net.Http.Formatting.dll</HintPath>
    </Reference>
    <Reference Include="System.Net.Http.WebRequest">
    </Reference>
    <Reference Include="System.Web.Helpers, Version=2.0.0.0, Culture=neutral, PublicKeyToken=31bf3856ad364e35, processorArchitecture=MSIL">
      <Private>True</Private>
      <HintPath>..\packages\Microsoft.AspNet.WebPages.2.0.20710.0\lib\net40\System.Web.Helpers.dll</HintPath>
    </Reference>
    <Reference Include="System.Web.Http, Version=4.0.0.0, Culture=neutral, PublicKeyToken=31bf3856ad364e35, processorArchitecture=MSIL">
      <HintPath>..\packages\Microsoft.AspNet.WebApi.Core.4.0.20710.0\lib\net40\System.Web.Http.dll</HintPath>
    </Reference>
    <Reference Include="System.Web.Http.WebHost, Version=4.0.0.0, Culture=neutral, PublicKeyToken=31bf3856ad364e35, processorArchitecture=MSIL">
      <HintPath>..\packages\Microsoft.AspNet.WebApi.WebHost.4.0.20710.0\lib\net40\System.Web.Http.WebHost.dll</HintPath>
    </Reference>
    <Reference Include="System.Web.Mvc, Version=4.0.0.0, Culture=neutral, PublicKeyToken=31bf3856ad364e35, processorArchitecture=MSIL">
      <Private>True</Private>
      <HintPath>..\packages\Microsoft.AspNet.Mvc.4.0.20710.0\lib\net40\System.Web.Mvc.dll</HintPath>
    </Reference>
    <Reference Include="System.Web.Optimization">
      <HintPath>..\packages\Microsoft.AspNet.Web.Optimization.1.0.0\lib\net40\System.Web.Optimization.dll</HintPath>
    </Reference>
    <Reference Include="System.Web.Providers">
      <HintPath>..\packages\Microsoft.AspNet.Providers.Core.1.1\lib\net40\System.Web.Providers.dll</HintPath>
    </Reference>
    <Reference Include="System.Web.Razor, Version=2.0.0.0, Culture=neutral, PublicKeyToken=31bf3856ad364e35, processorArchitecture=MSIL">
      <Private>True</Private>
      <HintPath>..\packages\Microsoft.AspNet.Razor.2.0.20710.0\lib\net40\System.Web.Razor.dll</HintPath>
    </Reference>
    <Reference Include="System.Web.WebPages, Version=2.0.0.0, Culture=neutral, PublicKeyToken=31bf3856ad364e35, processorArchitecture=MSIL">
      <Private>True</Private>
      <HintPath>..\packages\Microsoft.AspNet.WebPages.2.0.20710.0\lib\net40\System.Web.WebPages.dll</HintPath>
    </Reference>
    <Reference Include="System.Web.WebPages.Deployment, Version=2.0.0.0, Culture=neutral, PublicKeyToken=31bf3856ad364e35, processorArchitecture=MSIL">
      <Private>True</Private>
      <HintPath>..\packages\Microsoft.AspNet.WebPages.2.0.20710.0\lib\net40\System.Web.WebPages.Deployment.dll</HintPath>
    </Reference>
    <Reference Include="System.Web.WebPages.Razor, Version=2.0.0.0, Culture=neutral, PublicKeyToken=31bf3856ad364e35, processorArchitecture=MSIL">
      <Private>True</Private>
      <HintPath>..\packages\Microsoft.AspNet.WebPages.2.0.20710.0\lib\net40\System.Web.WebPages.Razor.dll</HintPath>
    </Reference>
    <Reference Include="WebGrease">
      <Private>True</Private>
      <HintPath>..\packages\WebGrease.1.1.0\lib\WebGrease.dll</HintPath>
    </Reference>
    <Reference Include="Antlr3.Runtime">
      <Private>True</Private>
      <HintPath>..\packages\WebGrease.1.1.0\lib\Antlr3.Runtime.dll</HintPath>
    </Reference>
  </ItemGroup>